inp,output,flag,username,timestamp
"{""path"":""flagged\\inp\\3f4b1a0fcec8fdd003d7\\image 4.png"",""url"":""http://127.0.0.1:7860/file=C:\\Users\\h447131\\AppData\\Local\\Temp\\gradio\\1e77abdcc6d933e14144c6bd2c38fd16e3c23987\\image 4.png"",""size"":1652944,""orig_name"":""image (4).png"",""mime_type"":""""}","{""label"":""dog"",""confidences"":[{""label"":""dog"",""confidence"":0.7},{""label"":""cat"",""confidence"":0.3}]}",,,2024-01-24 16:18:44.863711
Summarize the file,"[{""path"":""flagged\\file_path\\30bde993b624fd9d1db9\\Log.3.txt"",""url"":""http://127.0.0.1:7860/file=C:\\Users\\h447131\\AppData\\Local\\Temp\\gradio\\94e76cb5fd84a017b2d4d7030b0078eb664089b3\\Log.3.txt"",""size"":74913,""orig_name"":""Log.3.txt"",""mime_type"":""""}]","'
The log file provided appears to contain a detailed record of events that occurred during the execution of an Android application. Some key details that can be gleaned from the log file include:

1. The application is running on an Android device with API level 28.
2. The application was launched from a notification, and it appears to be a part of a workflow.
3. The application is using Xamarin Page View to display its main view.
4. There were several errors that occurred during the execution of the application, including null pointer exceptions and issues with the license key.
5. The application was attempting to request a license for a product called DevKit, version 1.11.
6. The application also appears to be using the Google Cloud Translation API.
7. Some of the log entries are related to the use of the MicroserviceLicensingService and RESTQueue.
8. There are several references to a file named ""license.json"" which is used for licensing the application.",,,2024-01-24 16:56:00.282985
